1,America,https://images.unsplash.com/photo-1551560426-a07129a7612a?ixlib=rb-1.2.1&ixid=eyJhcHBfaWQiOjEyMDd9&auto=format&fit=crop&w=852&q=80
2,Australia,https://images.unsplash.com/photo-1563698876759-5388be71113b?ixlib=rb-1.2.1&auto=format&fit=crop&w=750&q=80
3,Brazil,https://images.unsplash.com/photo-1554068741-2456f561031a?ixlib=rb-1.2.1&ixid=eyJhcHBfaWQiOjEyMDd9&auto=format&fit=crop&w=934&q=80
4,Canada,https://images.unsplash.com/photo-1570640717412-bac2dc91ae86?ixlib=rb-1.2.1&ixid=eyJhcHBfaWQiOjEyMDd9&auto=format&fit=crop&w=934&q=80
5,China,https://images.unsplash.com/photo-1568044941821-bf7e9075c4e0?ixlib=rb-1.2.1&ixid=eyJhcHBfaWQiOjEyMDd9&auto=format&fit=crop&w=882&q=80
6,Denmark,https://images.unsplash.com/photo-1513492562735-a5ba626fa7b1?ixlib=rb-1.2.1&ixid=eyJhcHBfaWQiOjEyMDd9&auto=format&fit=crop&w=750&q=80
7,Germany,https://images.unsplash.com/photo-1585290031261-74338d371081?ixlib=rb-1.2.1&ixid=eyJhcHBfaWQiOjEyMDd9&auto=format&fit=crop&w=700&q=60
8,Greece,https://images.unsplash.com/photo-1506877339221-ede41280a7a2?ixlib=rb-1.2.1&ixid=eyJhcHBfaWQiOjEyMDd9&auto=format&fit=crop&w=752&q=80
9,Haiti,https://images.unsplash.com/photo-1527091736853-64ca6a9b64d9?ixlib=rb-1.2.1&auto=format&fit=crop&w=750&q=80
10,India,https://images.unsplash.com/photo-1532375810709-75b1da00537c?ixlib=rb-1.2.1&ixid=eyJhcHBfaWQiOjEyMDd9&auto=format&fit=crop&w=755&q=80
11,Israel,https://images.unsplash.com/photo-1599340695274-f8a2f344174d?ixlib=rb-1.2.1&ixid=eyJhcHBfaWQiOjEyMDd9&auto=format&fit=crop&w=750&q=80
12,Italy,https://images.unsplash.com/photo-1584552503554-99bf6ce4de43?ixlib=rb-1.2.1&ixid=eyJhcHBfaWQiOjEyMDd9&auto=format&fit=crop&w=700&q=80
13,Japan,https://images.unsplash.com/photo-1469996933743-a1f6a78f1082?ixlib=rb-1.2.1&ixid=eyJhcHBfaWQiOjEyMDd9&auto=format&fit=crop&w=634&q=80
14,Mexico,https://images.unsplash.com/photo-1550188334-2f6203799b50?ixlib=rb-1.2.1&ixid=eyJhcHBfaWQiOjEyMDd9&auto=format&fit=crop&w=749&q=80
15,Norway,https://images.unsplash.com/photo-1541360389723-5f230196b9e5?ixlib=rb-1.2.1&ixid=eyJhcHBfaWQiOjEyMDd9&auto=format&fit=crop&w=750&q=80
16,Russia,https://images.unsplash.com/photo-1591221007237-3e26614782d6?ixlib=rb-1.2.1&ixid=eyJhcHBfaWQiOjEyMDd9&auto=format&fit=crop&w=634&q=80
17,South Africa,https://images.unsplash.com/photo-1589453181211-c5187a472f8b?ixlib=rb-1.2.1&ixid=eyJhcHBfaWQiOjEyMDd9&auto=format&fit=crop&w=750&q=80
18,South Korea,https://images.unsplash.com/photo-1528291781122-cd7443caef8f?ixlib=rb-1.2.1&ixid=eyJhcHBfaWQiOjEyMDd9&auto=format&fit=crop&w=633&q=80
19,Spain,https://images.unsplash.com/photo-1566232392379-afd9298e6a46?ixlib=rb-1.2.1&ixid=eyJhcHBfaWQiOjEyMDd9&auto=format&fit=crop&w=750&q=80
20,Sweden,https://images.unsplash.com/photo-1572225303717-a96db5e8d8b0?ixlib=rb-1.2.1&ixid=eyJhcHBfaWQiOjEyMDd9&auto=format&fit=crop&w=634&q=80
